monthlyMinutes,overduePayments,result
1,0,25.1485
60,5,34
61,2,34.01275
120,7,43
121,3,42.787
180,9,52
181,1,51.47125
300,10,70
301,5,68.7955
42000,11,6325
