monthlyMinutes,overduePayments,result
1,0,25.1485
60,5,34
61,2,34.01275
120,7,43
121,3,42.787
180,9,52
181,1,51.47125
300,10,70
301,5,68.7955
42000,11,6325
0,0,25
-1,2,-1
-10,3,-1
-20,6,-1
-30,8,-1
99999,0,-1
50000,1,-1
45000,3,-1
90909,4,-1
47000,9,-1
15,-1,-1
85,20,-1
135,15,-1
215,12,-1
600,-3,-1
-99,18,-1
99999,-2,-1
0,-1,-1
43001,12,-1
-1,13,-1
43002,-2,-1
