monthlyMinutes,overduePayments,result
0,-1,-1
43001,12,-1
-1,13,-1
43002,-2,-1
0,11,25
1,0,25.1485
60,1,33.91
61,2,34.01275
120,3,43
121,2,42.787
180,11,52
181,7,52.15
300,0,68.875
301,6,68.7955
43000,11,6475
120,0,42.73
1,-1,-1
43000,12,-1
250,1,61.5625
103,2,40.21825
55,3,33.25
150,6,47.5
2,11,25.3
43300,3,-1
